0671b6c98b34da9d9a94fb1feeb3c21605af3cec.png,v!jm
11b1b242b0e6e5d190507026cf715a555aee16ba.png,gsst
16a6ad74000230a761ec4b9eefbe10a6729ee42e.png,xv&
21ed81d31e2c3ed89fb42af06a096be3875cef36.png,ru%w
285cfd14af92250e0c4f064f28ce1f0704d4576d.png,tnil
37c14a8d36d22a63cd37060429e389f58c02f466.png,uvqn
437ef862c5354396f2f27553eb8e7d76e5f972a6.png,vbr!
470647e6d26ab04a93be5cec72cc9008e978c28a.png,ch&
71405f1472fc25ea904ea129f79402cae778c237.png,umg&
7464ca29346485d7a5a6e9f613ae2857fddb42e2.png,@%vw
8014b57489cf2ad4f3df5a301d5c0d6b6da7351c.png,osbg
8ee89d01d6401f0f50f307373f9fdc00f8bb5b6b.png,bnhy
a4147ce8f4564a66c6a7df9402822f73240147be.png,mauc
f5de57b7013893b88a95a4cc981ccb82751e6171.png,gy*v
fb50e391efb445f08c188bd5b428fdbea0ed56ab.png,z$yf
