9bc6adb2691706880b9715723bac59adf7214129.png,d&b
9272a59015ba57dcdb9fb0c86dbd3d3f1944ad74.png,ks
512b49edf13ad0720d703a05d059027a4573d0c1.png,tpm
bd05303916b6436abaca74004a9cdd963b979082.png,wxy*
9538a0e51a4f67c570e1e27f4c13dc8d0cd2199d.png,tr#*
34ec1433f2e7324d3feb109a11f0dadf31a9e996.png,#
357b54ff7dc28206075a50e680f1d9a0c4a58c09.png,x
65d81677448aedadc4db190e575447b07d5cebb4.png,cf
968521f391e7aa0051bb5262db68ede4c6ffe90b.png,xqe
7af8d22d4f1a44213bc59c163dee9cbbaae4445b.png,qqth
f1e019edf32c2a792fb3af94420658fd08582be9.png,yz#z
c3dc0225af7c1eb11d962509b02e7c4375359af3.png,kn
6beb8bd61fc2e6fe97e7b4750c94ba932ef67ca4.png,rr
9c1e072ce7e53027cf8564a080c029615252dd80.png,mc^m
a187bff3973d25fe10721b9019e088b77f0a9945.png,%&d
7c1745c1be7b9a7359811c24d6dbe588e2c4989c.png,snt
924fc6f8e6923f1ca42e3c5d164dec518b34d756.png,^n
e8c7867708ac6e9c94e498780cf5ff845f5a40cd.png,ev
a4026bc0d55dbb4a0525bcf93d977e8f88f5cd69.png,ic
3798eff47015c6b68155a0c34dcb754e49985a46.png,xng
a15e64ffd5a70814803c19aebf640a36db6f0683.png,s*kp
e72faa8ceba51b42741a849a871b52d3172bfea1.png,uif
8248aaa0cf571f4e4baeb7e5d8f475f5d6cc16d5.png,cws$
7b4f30bc38b03455d450a0f3c3ebe9a9bf9e1dda.png,o*(
f8a79bb8a2f7a6eb08796cd4e5913cf61a2b9e5f.png,zt
285cfd14af92250e0c4f064f28ce1f0704d4576d.png,tnil
6ba1938e5890f85dfef19b46499723934536c945.png,ln%
b111f4d06be2bb22fbd0d640100f8198a2736887.png,jre
929676adbedc25f79f155cf7f947a226e6d55436.png,cd
65634266686033a35f427a8fd893d8992ac07e7e.png,rt
44e1ea0e8a0e457a0e1d7a8c7b83aa0bbf32c290.png,sd
5b35b1ac1c83abcaeec198829c764d89e57dbdab.png,oz
46595025f85a99444b81920ea88417727541ac35.png,b*h
02750c5abccabc19fba952b72870259d4fef5d2b.png,)km
6013118c83a60ecd661dc40d6fd5403b82e188a5.png,mb
891795cd7e7e46665629cf5f755c2dcc57193486.png,va
c1b0768513a264c50578b7eb42c0fe1e1c328fff.png,)x(
e5c58a87113b038e1f68ac418acdc2684c33e7f9.png,iqk
605df078f25d23a507e2dc7fd8024226c31f3898.png,r*u#
80d3c7c6de08339236913cada1f6ea200a57bb49.png,@nq
7e61645807759c980f0fc96dc15e666945edebb3.png,&qt
81ea3ffde619a2930552bea6e5b5903be0dabd17.png,nom@
d39fce24e499c42050cb36d6a10324b9dbe582cd.png,^o
3b8771f8ca26fd1aba27712d0c5fa1a7af95a6f4.png,s)ig
58b1682a4b0a40a894ce924fd61a94ff954db7af.png,ojd
ba58d412fcc2b3d24310846ebf883f39575b89be.png,*yq
d3d9e745467fa0fbf4bf0efe152ed1a13eddbeba.png,ry
a0d5daf91e765d3149b54949275aff11430400a0.png,qr
7c04856c9abafcc77ffc1a4ebb27ce72ac24bca9.png,#q
1de8bf97a640adc107a3e519058b0ba0d1e9d447.png,qi^
b5c9a7cdb7e1d26a549ea6c8c92ece00aad18c7b.png,pls$
0dae6ebd495ad7b39fa375a39d8a44bcb54df80c.png,zx
e7d15746cf73d3862d66e77c8e1fee7e813e630d.png,^
8c873a81e27469f991147023b9a3b90f921e4f60.png,b($l
f0a5af62bd60ae20419b2faca5d43ac8c1ec2d4d.png,gj
d8a0e49c138b4cf1441233f7bccfdc50e844918b.png,tdh
16a6ad74000230a761ec4b9eefbe10a6729ee42e.png,xv&
2d270521a94e512b7d533656c6e29f4da4ab437c.png,v#
0b3c580f5e870ba9cc140ccb734eddd174b3f311.png,*p
555bc5413e7723f79c0915c97e84421e538b37f2.png,rfx
402b71786aad1ca4e7696ab7ca0a0c6d189d7e1a.png,(@
eb41313ffe436d2adc4326a440a830d2ae1fdfea.png,tw@
6af6fc86b3e5526c45afc1a47a10d3ca46b14101.png,z%oo
787f8d6cb2a0845fd34978769687adeb0cbe8d04.png,%nr
e47e26961f24c75f06015a48a8747c70cef701f3.png,@ojm
96e54fb4a6ddb34f65b7601cb824eeb546c203a4.png,)w
8de5b6ffccdf2f2fdccc1655a111151e0abab5fc.png,e
b0b6e59bef12f2c389a373abfd60bc2c42c11d43.png,l&t
0ad53679f30adea6d9968a0033d95887159c498b.png,fym
5b4aa0f4e527d50942f09ce731b0bf7310508cea.png,gb(
465c042c447ac067a3f7f35ff2a584990d6f4f4e.png,yl
3809aef6b43baaf15e9f1d35acce18e5ce4b2808.png,^jta
6216c60fd8e30b7ae47bf22fe078000c3df27f45.png,enk
ee4fd22943aaf06ecd767dde6620b801ea079e10.png,%^g
437ef862c5354396f2f27553eb8e7d76e5f972a6.png,vbr!
3085973ecdccf48eb14a163d1f28801b394dc94d.png,u$*
6ac19b4862b77d7a386c789a59d8142ddf875c8d.png,k(j
75634d16a179e67cac2c140adaec375cc581b9b7.png,^!
6a5111b88112f595da36f4955867e3f4ce681f6a.png,oj
9d2ec696a50854be3d57adcd156e4b7978e5e195.png,nx
050760de0ba896c6f937a226cf34ca17094cfbac.png,cv
f2ac3d7c977e2a20014ab8f1497d39d77c5f4cf8.png,%&xe
dbe6c0784291d457ca29e9e6ff68c52e5249ea7a.png,g
135089cb7ec4254b3ea8b34cbbeb699807bd90ca.png,kgzl
6f224fd3c4f1a812e3ad475cbe48e0a8719a77dc.png,!)i#
9d3be01901ed94f8c2acffe5ac9b585547185735.png,k
01ee52663e4dc67db6631a018d39c5b80ef73c5a.png,cc
de77c76cfde36e3575335ae5c0453a3839a7ab8d.png,cjds
0671b6c98b34da9d9a94fb1feeb3c21605af3cec.png,v!jm
71405f1472fc25ea904ea129f79402cae778c237.png,umg&
ed36c1fb7d0d28cf371dc67721c8d3a728ce8564.png,(@!@
a35aa5d0f8b411ed7bcabf2747c6f046d9245e29.png,hu
60fa67762e1c3a790b9ef3a83af71aaa5df4a44e.png,aa
b5b573bd10f7626f2e8008ecbc45d387ef61cf59.png,&i
221ac0b327d9609d999ea49d6b14d1eb6f70ed07.png,(xs
3f1af8eda4fa95f4a02e868dec5e0f9b89f3df8b.png,mf
ff89fa782e2b2b97e013369900492922ed6146e3.png,cnzo
47bec34caa098f1ff25121f0bd55a46a8e9af584.png,^jut
e451417d4e2ab0980afc2d7729639a88b9cd7653.png,jby
b8c562de9ba54f395fb2ae72f068f034a0653b72.png,!&%^
ce58713b0cd05322723e0d5be01a21aaf56c9b4f.png,gix
778d10ce84d4ed3138f9ebf53f7d849583a03139.png,nw
cfb1f1be6dbdf56b77d36c9c7ec8819987e18ea7.png,c@
1250b0b6e9cb4e716c92516ef7a51a38df4cf05e.png,yjx
a4147ce8f4564a66c6a7df9402822f73240147be.png,mauc
845d3c9418c6a7a4fc3536781e0383779b6268b5.png,r*r
6e0487fa1fc4214852bba0ac61f3ccfc8ec76244.png,^xx
4b55578a4ac85be5b6745c2c206f2bf7ca7c276c.png,dyas
bcfac61bb91abd048d94e69c1b3021d1fe40be1e.png,qxov
10fd473707c59de043d8123d8b7f6241b2ff70c0.png,hm
33292f5d2a3dbc6f24e098ee390b36531593c256.png,$%sz
7d930158a4a2d3ababea403538f3ba294f151793.png,&oyf
f9c39de7c116c720e4dd2c86940103086be72b04.png,#cwr
e3f9df21486bba8977a84f9ae13023d5d7cd1f1b.png,(on
7b28c05c0d600fa696c425bd963117c037273155.png,&^ec
c6a2d44f2bdf593f3a29e93819224c26ae1980fc.png,$%
0f417bc4e575a8a2933ad35ec592e371e2efb620.png,ap
f244db5aaaad560626f9f8c8824b5ef82cfd0500.png,)zw%
4bdbd7f03e686bf05ba54f46f5618e0a2b850877.png,&b
aa81979e1f680d3a69b5815bbc8f514c683bbb24.png,j!th
1e65d880cf8b971e32b9f870dc0f4d6b74f518ce.png,m
79e631d5342b6189db2dbf896b9b332ffc3001af.png,dop
49c9f14023f1277911e4ed3d5c47ffd9051b5dd1.png,f&
062b91cd265632b8e5e23a70ee0c6af514a19ae6.png,$mo
6989b366d637f31650dcda3f48c8d463d57db24d.png,#^*
ebba17baf9aa2dc34c7f5aeb6083efe318f049d1.png,mw
b8d13e574fd47a37dabc01c52296651acaf5bb5c.png,$egt
3fe34ae5a0efabf67ea90d264750144271dc7697.png,su
8100e8986cb6011cea20ce8b40c092b5a69b20ad.png,a(li
84a25adcbaa409b5edb43127017690108777e3d9.png,s(k
eaded2022bc3cc1aa94041d31e88b42240f504af.png,yf
d9d8c353647585f8082879bbab630080f9b09215.png,ukl
5faf6ab03c2dd926716dd5e14071ed2e135754c8.png,li$^
911e8dac6923d88081d747a7232d569c17e3ea04.png,bkjs
db6a6efa7d6a375826b510e15a5e47317f981334.png,)^lc
bfcb3357519188c591ad35bfdc08120e7291d672.png,@ze
9566d49e41a5f964954ea63370b66676446bbb34.png,h&
9e189eed454e270b65b5358c920e6c9c2df5a7a6.png,mmfc
a81c1ce9d838481c862d2c0602bfbf6079dcbecd.png,*#
7150fa5c3c84a7533e1ea608b890783a849522b9.png,qgf
4914e910d992e0a56bc33cde0534752d8e295e5e.png,$c
a5ec4a2cfac5fc6ff43cc0be18fc3580fea7bc77.png,lh)
a7fb02c805092a82a018ce4d42990cc2dcdc4ca5.png,yzf
3c460bbb429fd9c45d0f44d8aea33eec15f63dea.png,cr
fb50e391efb445f08c188bd5b428fdbea0ed56ab.png,z$yf
5162e61ab68c29e71c9a2235c2cf3b54e4795ef2.png,ts
b5b83c795fbad34a75139a53f5e0150520fbca69.png,r
5bf46ffc71a132af1a2770401c6caf4dde7c35ee.png,i$
36c3197564346e7a85689b1a24eefb67192a9199.png,czdw
23ff2f2560bb7b6d2968f112b4cd161d76158371.png,bsx
8ee89d01d6401f0f50f307373f9fdc00f8bb5b6b.png,bnhy
96fbc1957c9c3ae5c695b2261e84a246906aa504.png,k$
b941d655b54259d050abeefbc54cad2188615090.png,x!
731d87ca58f39a676a768173c4b954aa7b99bf6c.png,rbw
14ca89c4c7d8420a942b65b731db02d024c6ea04.png,!r%%
a5c129eced3d135e0ffb82bb78625c936afef45f.png,^i
32e2a6be77449eb00b8e2fd379c2646979b21dc7.png,avxz
2b2e97e489db92eff94131938b266aae9febbc6d.png,wg
a058d6ae4ae4311f0adaf40d35e37118f141f250.png,xqdg
6e6a3c571f5e4f271e263fcee881a07e2b23f1ed.png,nrk
4829f6bfc90e78f2f9eeb78c237371afd96fc8ac.png,)g)s
ff648b038a3acf42d3208c26916ee05c18c95170.png,!r
527ef8a6389d1915be1a8d109cb53a1692445d4b.png,e@l
5dd38736fc211b72341880836058d6ec7eb4efee.png,@
5ed77f476c625d874ad1b7cc77541bf8a44db7ac.png,mrps
0b4f57905888c68965e8ada0f6a8d3eabc4dd46d.png,lc#t
0309703612d2b758613858849fe47b1e1a66ceb1.png,**
d3cd3fcef6a705cc8c5b1cef028ca2fb348b1209.png,$*@t
9748ed4a79fce93c858a40c7d303c4a90f5cc926.png,$^$s
835d8c7d333fe574a4e50e53d9ed1e6aba75978f.png,gq)%
a89f98fb5c082d9f8ab99de656db864b8bb96146.png,ey
8969ae04109cb70836e98e6c7d40994b2b8c954f.png,y$c
4a9893156628bc105024a41e19ccc3d5a7236252.png,dwpw
264ae2d645ec4b36872f950427e060d508102419.png,jde
c04736d593e6e4bfeabdfa50b58ab4650ad048f0.png,sd$
6e23ab85ed3b46393e71ab04e235cda3519b209f.png,kzh*
23c086564a3735020994041aa393618b1c6fff22.png,*#t
bd744032a8de3351d5960b943225ff124398b1eb.png,nr
3ae8dbe4d34167e89e27c26de37969da66037445.png,s(u
bce39898286530af9e19aaaaacf8d5bbd3989672.png,z^*l
6155cab5f2bc4a836ef748878b6f1b0814725c1d.png,efh
295cae75eb132c4c80408d5680c8cf17fafbcc15.png,c@sj
a9c0a5265368505ee3dde061c5291ab0dbd73314.png,n
9569dda302b8217dc608e27f21b558651006e8b5.png,)ae
d1eb46ea51709674dd4cd632d07e893bce4d82dd.png,g@
8ca94af6b2cd96bd1c79786a820adc34fea78fab.png,oi*
4faf6ec40845eb2b9048ef75fd43118d87e3991f.png,ckx
6a98ac71f15c3eb713d395a573092bbbf6fde61f.png,sybw
3719db696faa3990fcbfc40792aaf6be728dd55b.png,j$e
5bb6096db8f8a9177d9d8c7a66c99aec47e20f40.png,rti
6e34140bd1951093196490663ccecc64d30357a3.png,@(
30dc245e13ee18ce9110945a88801cf64db6d567.png,xtex
e6a3c0625266de7b3bcc6a0c6d114b1d0827a64d.png,(yta
3557aa96b7c27d306fcc29e0e489270054f3b70e.png,v)
92285e96cd00d928be0fadeefa1d1269c4356d55.png,)
5c2e04b6e45070ddaea6e209b2040f5ab89715f2.png,$^y
0a74762c4c85f9e57c38717019893205de784bbe.png,*^
520cfa9021033cc98ae9609c28aa03c13c85a853.png,*$&
ae9262190d97a11b8ae84cea565d12dc7cbfb52f.png,ygq!
a8cb9291695fc56ae9b3594cdf042849d19a3db7.png,&zx
7f46c868910ec5b1c172bec1ff4f7d2162efb1b8.png,qy^
2dd203b4f4133adc090ab06bb8fb2cb2b8d99536.png,%
3ceaba5279b023d6b3796034891cacc362c83b21.png,@d
c63eba810eb2da0aa6596598798161e88e9d0963.png,c!pi
faaf68ec412c1a233a9171f2d52b0b768bf7dbc2.png,$
5af71a63db172ff69ba0d26e327412bd46755fd4.png,b&n
7735c8b45792d60663b45072dcbf35a0955c979f.png,()f)
049e7b5aa7c1cd4741401e353fe4f96dd8a82143.png,htq
68e49b5b9094b67503eb46ee13069e2d79620e04.png,xwc%
b1b417005be7f93574867e5f4554aae0fa2f6e54.png,v*
296b5bb02e5791f6c8cc9e900b6f0ac780cd6030.png,b
44a7530dc1971b9ed0d909bba873bbec01025861.png,&ep
666dded0149939e4424d25bad6c3b587b8b5e38a.png,s(
55f14e9e02962a2413d48fa7322ae84c84b7a456.png,ulr&
17a4aaac16bbcc88b1d951fbdb979c3df59aa136.png,nyl
500ba81ecc2db4a66c860bd4674092a85d89e906.png,ifb
499a4729bd3c6accd85a98960ea0d794f0cf8951.png,a!z
1729f47364c13ff56f3341399329d1cf9e8782cf.png,ci
2a2b2e6d2bd00fcbe66af96d70bd3d59d35e4ef2.png,d#@u
a7be3d6002f117d11b044f03b4ee80aa0b09d156.png,yth
713686b69bf1eaaa6c0832d033f7421e0fc20ddc.png,i$j^
c53f73e69f91fa4ad99d60a365e05728dc01d34e.png,qe
5056bf4d18823782d55776597946d00e8a4b0e35.png,*pd
c5a4287587b19c0a877011ed23f1ace3011806d4.png,t$t*
8014b57489cf2ad4f3df5a301d5c0d6b6da7351c.png,osbg
6853183dd7c68fe57f83de32daaa0a22663e50d4.png,(d
4a81c325f13c669f7fdda2fe9ca8eea527da6343.png,f
9d94db47443fd25cf8594937245ec45ebd881551.png,rd
73fffc28dc9dca79bf2aa249cb491fcd72f17654.png,eus
3f59a21e1e6ee03da680f4493e7159fe646f896d.png,cfb
d972f2364361d68f7c7160613b9c1b663ea5d61e.png,@slu
ef0510b3c9841994543f3e66fcf5237b977183b9.png,)m$
8a02a8c90f8e7d719ed2648db8aa1d4e92c06c64.png,ll
285f9d3a18648d935ca0d83b086d1454da30b9b7.png,w
e2005a30a775a3edd710b30fe858f5a6f0716fe6.png,sv
e48b2322b7b78f2fc2b8b1d090106b75c7981ff8.png,nde
890c566d7a95486f3189d7062548a55be00d5aca.png,wtc
99c8ab3faa00545d5256ccc0951744d4a52b9a1e.png,vgo
2fc00e7d10ff778e53b83de1410db0b6ba4bdd94.png,c*&d
3ffa1cd146d9ad80d6b6c06b255adeb291c36559.png,!sy*
ff068ae718df2e63bb0f59d86e295952f54f4ecb.png,@vfx
5db0f5495c0d08654d11c8da1133c1da645002c5.png,%e
a3e312387bd17562cd22771255e7da1fd6aee030.png,bzk)
a9f1f736ed519990edd540539b5f587534d61ab8.png,gt
61a608ee6b5562c30d37a7fad34189860f4aab3f.png,*va
697103f83f97c9434ed25d09da2dbe3781862ae1.png,sl&
2117575978fea63ac6c96c931db65cae5df1595a.png,#@
ca0032b3f6b105002949ede4669cc925bdaff44d.png,t$)&
7464ca29346485d7a5a6e9f613ae2857fddb42e2.png,@%vw
60dac7284d9272b216d08e38045c902a7056d412.png,)m
82b45de3841e929fd5664a22bcd9ede3e7a6519e.png,nc%
e402efad4327b20fc94ebf7fded2f57ae586d4fd.png,sgm(
be9815a5e2ed3bb60e49a44532b62bc0f37360ac.png,l#ly
cc4e0dacff50cd5c3fb7c34efaed1b02d4326d21.png,gpc
080c031add69323df674ae0dcdf857998a7900d8.png,ni
b6cf85ce63f56d0081bb68e098cb4f1403dd7131.png,&
29129353d1a6c5efc11e64ac08a0bcfbec6cb490.png,!*^e
08e7ea30f50a675170223395b29dbfcdac0f0c7e.png,$@
11b1b242b0e6e5d190507026cf715a555aee16ba.png,gsst
dbcf558bc3f2b68f76aa5987a7ea70b4db626a80.png,kv*
b96dcf83ac2d3f85a7dd25883ab22be781c27b11.png,@f$
1caab59597bdd62afd6829a9f197442f2c816039.png,%eh
d5de2b0265db1323fc4e34c5edc10d685cfa8d61.png,ru*
9b5788d88dca69a5e4c72aa55ee81002878d62e9.png,u(r
584f6c293053538b72930a729ea88d7aaf48ac59.png,gmvf
3975b14bfcc729cc9ff8848e99088cc0a6236bcf.png,c(m*
d0ac96ddfeb44980390a03a20a7076ff99a7b1cd.png,h
c2f060f30b499be7e9eefa80d30627de3c1c0d02.png,!t!
4e9acc1526268ed0e01e66a1c131319d3084f996.png,(u
62fd4a0d26d8883eee9dd7ec808414ca539c1ff4.png,nm
83b9611b4d5066e423073d75a56312d97c9b1ab1.png,^vq
d750bbbbd8faab5bc6bec9d1182d7e066c5810a0.png,%%&g
ccb43e02eda5af7e749ee9fb5fa4a4a917646b53.png,)h
0c68cc136fd8d100bfe4f2cc0bd07f855d1ba83f.png,bb
470647e6d26ab04a93be5cec72cc9008e978c28a.png,ch&
d7970314b6e60293eb026898c42872e619b0011d.png,rv%
59eb377236d401938fae7099f26876bfa5914c2b.png,&uqe
3bbcafa4aeb7af0db3981d0e5e3461995e98d656.png,&f
92b4e6343f8856c8636456c581f67edb0bdf4ba2.png,lbz
85680a5e0d369db6ea69687c732417c8ca656200.png,dqyu
383d0503fb53f5b60569ddb6d1747247aa52c0d5.png,st!
108597db97afa99cd3e2a09649717e4bcae4beda.png,jj
a02b1de6dff5f545adbb7f4618d84977043cf243.png,r)u
c070dcd493404680b6152834e52fe7351831cc7a.png,bg
ff6923c501e386ed906f4af38cb2b54f2859a265.png,j(c
91336a28c0da97d0909aa0e2bb1f1e4bfb1ebf3b.png,ce
5c0e57916edcf388795f542341aa486720eeaff0.png,z
aa2d9cd86fe0ef99a2a8f5414d762528b64d16be.png,m@#*
22dad090562abdce25b19f8792dc00604d1c436b.png,(x@z
cd237743a91971a853a0bcc0ce0689798a7223c7.png,rj
fe9d4077213989af9d8fcf78d57afffebd14e445.png,(rod
184654130c5c2a6f6f5694a68e7fc7adf7819efa.png,qgon
3b813a27eee78707bcd0327ad11a354f49362521.png,ul!%
21ed81d31e2c3ed89fb42af06a096be3875cef36.png,ru%w
5971629e11f5d16847bd25a7c4580a87abe7779c.png,j)
a945b9f27eb22bd414d23158ea396c87f31e628a.png,$e
5e122ca49bb7d339bcceb0d816bab45331462ad4.png,wb#i
100ac0235d619f3b577f2dcbffc3a214b2d2900f.png,ee
77f9a7612a2c441ffdd7aeefbc1705d71ddf5ea1.png,)zq
f5de57b7013893b88a95a4cc981ccb82751e6171.png,gy*v
4d7cb297c039ba672ac6bc717ac23323118b8fe0.png,(w
01923aea40b60eb83464199601fb95918cfb701b.png,nh
c469032abf05c03dc04fe77918cda4267d4f6951.png,#qym
6d79074a3da243d91d64ea6e2c8176c0def45378.png,$^%r
e151f521af4ffd57e309e14a0be9ebaf6a0b455b.png,qvwk
df44ebe796cd75badf901c4a4eebe4d08f788341.png,%o
4d3bc28cb13bb04c430f0d4fa928da2d8523a065.png,*f
b75128f943de9eeb1b323b32fe579e7231fab73a.png,*bw
c24d6abf985e59956b165e3f8d733e39e27305f8.png,@o
ee480a591dc98af3089434bccb5fd95c52cb0316.png,$(
2d0ad9281bd3f4ac47d31e0c944580dc12879a18.png,tect
f74819a94f16a8053dfdd076d623db030a85a21c.png,n&t
908bbc4abe048e51499624cae2307367f3d6e48c.png,lsu
083572c68a5f56755191aa35ba64197d210dbd40.png,nupg
dd6bae6201ad36792b471f2c48e0cd59543d3563.png,ky
9ba3cb54f83d24c1db02f8283986b1d6b01c67d3.png,mof
1338eef1b6412268248646e7c43a10032fcb1b89.png,cs
35f7cc5ddd1653ed24381f7781ff906508c84433.png,xlub
0541677c9e7cb6f4461adc7673747afbfaa0d1b3.png,t^w
512bf235459ab7ca3b930066c5e487c2dc069ac4.png,e&
3e5dfa0edbb097d2ad09a48436d0d1ec4443a5f1.png,qaj
b8af3306c73a11cd6be3e75c9ace1bfa1c829563.png,@k*v
9237f4b763d5a5bafdab602adf652e464aeee6f4.png,sf
0596d357fd290475bddb07319dc7cc79f4644709.png,l&q
bf6cc9ad3a0dd24db957366799a5d3ac4e8dffd1.png,kow
db563cd7a7f92643af5ce989813d010691281976.png,o%v
661bff425ce11327e51e81ccb84bcb26d5f9327d.png,&*
204afcfc9b424ee05fc7b8b569dbde59c86f4497.png,bf
cd496068d086cd34e44866f6134f6079b68740d5.png,zpl
341adc1a744f12c0a72dad89c5a8551659ec7089.png,v$
07f6b0c78cbd1204db3f0794da24ac80b9cb67ff.png,dzp%
75b847f8c3b77002114c16af6b40b9aee0c08428.png,jgf!
f15c60d97be8d159c979b2791fffaf7048376680.png,xnzy
2ae1626498ddadca4a3c7dde8c4443cc0a445c3c.png,l
1e2e716b5a1d76d533fd6d72e91791f2156054a6.png,((
9a089f1eec94fefd696b7f4d8d4ed6f104d571d3.png,c
c85dd90122654fdfd1231e5f5f91a20bd52ed8a3.png,*vwm
c69bebe87f48f456e6b2a6d9d0da53d237f622ba.png,(a
881de3adc2fd84f9a2b39d4b1ecd89f10ab4ac7a.png,w#
d0c597363234f87da254629ab55acc029dbb8225.png,(c!
1c6ab4b2f6c2722bd3d65ea688afd981d48b83d6.png,ahhp
d7a812603dbba7789d3c3154b7e02f2700b767a3.png,ym$t
2fd6f4f4f155b1c702531f9567af0c9e24f73204.png,*
fb91a3c5bf157e616e202388a55af4ebe3c26167.png,^$
d8a1b70da88140d266a240712e19371b2a384811.png,lo
cfb8d24e9fbde239a40217b6cff68a7ea455c853.png,)p
a0dbbed48264ec83b39b01d31eee78b836473c8e.png,h^y
a728b0a85f0843fe41961dbee7b8cb98cfed1499.png,ke
a332f38ea5cb7a910cd5ce05b201d55d37bd4d5e.png,vp
14bc27c77d7e6c79d87c351635495e0b909941c7.png,!clr
4dc885ac54eb009be0dc48977826e35e1ccfacbd.png,hz
3efc80b2e88fb24a3c68736a87eb3a29c63cab54.png,jvxe
77ab618493b02e4ad1fd272374e99c58c200ac07.png,y#r
a1df02a4807900ac3bfbb0732a6932ac447673ce.png,fbih
36d2fd60f52751f9ece7f345d457a0dbb5f10b27.png,)wa%
c29e0bcb5d86337758b15ebd969a5b7f5a56d770.png,sg
77b2db7863193cb44195827c85e5b1c59b97bbc3.png,da
7624ec091b5c2c9042203c08f6c6a59c74a80207.png,$w!*
6a84fd2b8d63f47e78f6d105610390d2f03192ae.png,q!x
646cf800d48ddd23a9d997f4062f922732bc1ac1.png,ou
00e34e7f9e60096e17000ba13ff4b403c02e46d4.png,#k&i
2f15d6e5a64e7003cfb2e24aec3cd3a68060f2d3.png,(
00c62fa26f954938e1aed86609ecc23e926f8dc4.png,#*a
36674b6042da59f68dfe664667c60f171ae0ece9.png,l&gq
6cf20ed20a29f142fc94c817b0a4e3c27c52acc1.png,wj
bce41cece0fe463945a7905734a2257c99a19bee.png,mvl
ce10253ec1dbbbc78020f75d89dc3279a3333b66.png,qhiu
6ef2ab818168f47b33bd40131b631f69ec8e3e99.png,lk
16e826b14a5346971ec6464646afb497371167ca.png,$njj
ec2000afd3788c46b9f71630b3d8b11179628cc2.png,%%
39bab33a92c0d19a763396b3425fe133f672a53c.png,kzuq
de8dc6b1f5e878048a770139832992c2f8704ffb.png,&jrt
7443494c54dcf709a02a7a3f5291be91bf112eb5.png,dwu
62e2d41e53770f73b43d4ca4df6b32fb4b0cc413.png,q^
2fc3bd8c0cc0907aa81f722ed18e036122bc5d68.png,xy
6701368c8b331c3be9f6b5eaed65c17c093198f7.png,hky
c4d17e3540d97087038e367cc3224a374797b135.png,tp&
cf7189f857adc0afcb2c8d1437d1ef21ffbca173.png,t
5f847bce98aa1b9e70dbdffab7c3ee76ac0caecf.png,bvx
fbbdc41dcdb2e6d1fda7b17bdd96dbddf4255aba.png,bdk
1fbaa3a94fcb01a5980f6f963bb6f7a75fc05473.png,!
46094fb862e845e0a49245b536874548870bceaf.png,k@
368c35cb9c71fcffe9da05549f3d3b3c39c36f45.png,uo)o
708f66a586e4a38c6136eddb7d23f60453cbc257.png,@khh
f467f9e00c4d76dfc945905551138afe49eb0112.png,#&c
e6c3bddef72bbd3ffb7e6f8c3ab577d38d19b010.png,ry&@
e37df9d208bb4ec8c3ff7540af4765dfc63cb7db.png,&%m
d0571246463db6a58e7e289cc4a6902343e7e01c.png,j$qy
a8b7c1e4b5178a861c4ab342f096a5271dce1003.png,hd()
a2ef618844c4b3a62aeaedcf53b884b46822ce22.png,*bpm
d7be8c95d81452ff8af85476904fb9d34b1b32b0.png,q%d(
643e1f8db0e6a14840b94a4c5bc2aaa2ea0755b8.png,$)
b41858bdcccee9bd51e037a749fff09c81a53718.png,d@
05d201217505f63746dd415991cae5715ca4a135.png,aaao
7676601068126b6ed7cb35efebf22b0def66b5a1.png,joym
25d43b56ccd13d9416e06066aa9b163e98e75536.png,)x
a996f2c724a4d517392ce66b074941c1967ca37b.png,#r
e3d90d49229bba995bb416f174d812007f02dcd8.png,c%j
6afe5d8ac483d162b9f350efc9eb9ff5b00b1dd7.png,p
2e711d3cdf479e97344daf2e0ebd9fb8e1a2882b.png,kx
cc5d8e3799b2eeb73cff6d1e460f33607a6b6d11.png,rl
9febcd8317f403483d575d8e4e7602ea7bcad8f7.png,ia
8ddd633273835d30eee73b09d79877a269c44a77.png,l%j
dee412b05f978f1a9900e87e20b10bebab82b7a0.png,cg
1a8449106f335d3ac52e655d21ef115b980b742b.png,edd
b2fa8357632f23275cc1b75a70a3f76c2e4a6a94.png,j%j$
cb9fde855ae0a7bd725e5c65a148a5134c1d5404.png,*z
48ab1486a43a3aea9c05ebbbcdb0d66c05261617.png,ik%u
20aa4157f95af0410c08f2b1d609d970eb0d72e8.png,nor
b60dac36df68bf98e53051a9b1b0f95f956a3318.png,edr
7219483dd2b575f440afbe055cdb28dd0c2dc241.png,vo&
37c14a8d36d22a63cd37060429e389f58c02f466.png,uvqn
1fd4d8a4301c3a986a188207c1eb38bcaf5bda68.png,swn)
7d3c92622aea6a2da9123fe2b652496fa6ce56a0.png,#pkj
4bc8e370a6f344d4426215d3dacea474e954f82d.png,t$(f
35a3b24d10bf2c5e306c2c22144891e67dd34eed.png,ola
d7bdb8bc9b809f3f6bab1127b442a5107fea34fd.png,uj
369ec0abc179a6d37557f06ebc1d1e8aac5c68cf.png,dd
9e3a2ce9f0fa9729c83f8c59e158c446e34c7d1f.png,j#n
af742d46e87d2a198740103afd72e0e4af6fd120.png,$mf*
0102c57ad674e1ee55b30bceed9e8ad15760d223.png,qh
42b6619671c3922576fab7edd88061e7dce482e8.png,dak
e4d9f95443f5bd110f76555c8286badb904cd0b7.png,o^
540e82a6d48a5868ec294793434246f0f7353653.png,rtyx
c3fa59eb3edd27987055cd24ec976bfa720df153.png,kt(f
c30a9a85ba8f9136d1511c6cdaa7b65ede777337.png,h#
069cff7a7e2c99d00be21d8c495d1e81f5b159d3.png,d*
543eb4b74b2cc12f231816e5dbd65c020623e6be.png,*vd
abf872ca9d72bbbb6f3b505f6e75a99c8f0b4278.png,by
3d74bb384d47f55472255f41297fd736a0445fb5.png,@a
0f89c84e24578286ccb7a21a504577d6391761e0.png,&p
5dd9b5f3346170503c132d9f62fe7fa68fce7649.png,db
37402730e26fe67d36e58781c2287df6107451fc.png,o
f06441360eccc299d58b2142dfbba5dc6545b1d7.png,nxj@
83e7032bac237471a924350d2f648f4dbfb7c4d5.png,wr
e7f6c9057e97ce938e62169f6a2d01d820067f8e.png,s&nw
d3b796c289a226a32bb497d49676b331864624f1.png,obm
bf790cdb69a5b0e64edcca02935ade8af6710b1d.png,lr
883dbd2e128c65556d6ccec2bb9577b8f08daa2a.png,!glx
77e3343f0ab9f2e2ae5b7282f580763c631b6f5a.png,o$#$
93436e71e6bfaf28b88aedabf44c28d330b21f4b.png,w!dj
456c4901d9d245713c7c709e590dcad49f798db3.png,ivi&
d7abc983235a89d145a51aff2914454e6a063c1c.png,y
00502a091100f24b7dc20cab2d3d1bbf73487d5f.png,(x*f
09ec1b67ca3eaadf1581668ef14b2051fee1657e.png,yy
74fd70bd4ea56a1aa968a9e0eabe5a2eb566b7c4.png,htu
b353711beb588fa7e7f8610f008db9a70ad18c0e.png,iq
ddd4a353833c0b985c74a905b429546b2152f531.png,i
8c527f4dfc41e8500b5635178e777d87cd962944.png,%*a
49617cb0f78da7ef8fec2824cbeed42e466caa52.png,%ke#
5f873caf861865d3172949a3ff727c2fd6190ffc.png,kga#
4791fadd205d6e799edcc6e8d368e6d93bf13f52.png,u
ea4e2b98b672c094f683e366a53fc3a77df13923.png,*)
7f3e251b927f94ac210d72cc12ce33fc6206db44.png,un(
0d1d5bd5c8cc2bb6b4e630357fcaba013eed694f.png,cdt(
09b9d73270d9fc40cc3c2ba16b83fc4166bc5b79.png,)f
fccc59bab16688db1eebc655b7ea74a5c45963e7.png,s
124db0c78f302b1aca60dd95d5a523f303dffb95.png,^p@
6e5bc230e12b583d7fa797643bcf93114f9c1083.png,y^y
b27fc29d520c0ded1f70f3695d2233e3b4e2650e.png,!g
76305543fe95e790637f6fa3462572b22a18392d.png,)x^
86426efb956a77e37d57e0935b6bca50a6eaa0bf.png,alg
bec7ce069c41e943b6443e689a3086fe068ed015.png,#&
c3c5dafa44b8341884c8e396674f1fedf7a8b4f9.png,!s(o
36b60b370836679210c8752194f53f03d9b90c27.png,mwa
c89b6ff8ea91aa122cd8ba88100473b1fb906e7f.png,c^@q
8fc622f41204bb99cd66ef223b7be8d01ecbfa5f.png,u#
e9d96f16f9908e8e95d491fe6cc86cdab2d786d8.png,j
af06a003ec0780a35d20f0f33befd77ae32cde4d.png,pl*
bea338669ca3350a4923cc56598a8a197858ca47.png,uw!
125e1dd08fb40e4f0b1d6350becb526833c43847.png,ymg%
4589a2897a1efa47dcefb78f762f5756d351d30f.png,k^
080691ccedd5c9c52084a90b1146297e521867d7.png,syvc
e5d5785e92d02da76ce901a1582a38fa107e3451.png,i)z
224287e2b4080a694b4bf754e6c51534fe681e1b.png,b%
e35f98b3970892abbf57281a55015bc19798f859.png,(ko
e334658a2f4f1549d3fcda25e169cd5ea42178dc.png,k#z@
ab51b33bcbbba26ab79c870e37704d57a49516c6.png,sr
2a3e996c71b1a16c444a02e562a6f66570949f19.png,dq*
af177a23d5301229291a4543e4b84a423277bdf0.png,v%n
e5c08d1db65ce508fffd5d6c38f64b061e0387b8.png,rb
5f8f1c1bf97e05c8318e3b2480d53043955ba76a.png,vukb
dc55774769559f6da3c852d637b7a8481680bbdb.png,@%t
699bde501bbc5fe6ffe854b3994efac7bc100e28.png,s)^
947693d918eefcdf086d8e64e9033be07dc7f9c9.png,xfj
3ff03bbbda10289f40cafb7bb883f6ad05519aa9.png,zim^
8a9b4e62d43e19f5e1ac5c33bde461b19ca3ea2e.png,)fq&
285cdb93cc03a2095c2e3d4fc9bb39d985435f46.png,d!
d1062088ccda8aee376727c5c8b49b748f09d543.png,ld@c
ff35e9b108b293fbdac82caa6cf63caa3e4060e0.png,bi
00e9a66d884b2697e1537f7108f858e62fcb71e1.png,y$f
683c215a3c7a323e0afbb6513b700aa2fabe9673.png,a
a6e04a26ec01325b86472658071f42d1fdcb29bf.png,a(f
977dff0bc6d45301ba209dc0b8e428c2786f522f.png,j%kn
d95dde9e844f88799ef6b7fcd799efbc481cd4c4.png,v
85ac654b7efd46ab660b9663002109f22ff19944.png,d
7739d39785c5c5ad1f66548517067045e9acac23.png,jwi
59973075e9a750d80a761cf3d03b4ff76daa1e33.png,nj)
7d0a188d9dc572cf12ad4fd6574af9d43fa7862c.png,g!z%
39d229b9c68836c829c72f2ec18a6202276daa4c.png,b)b
