0142998dee689242402193e798efb96f8a3221b4.png,hlx7w
023b66220a464308058dea5c291e3cd08f836ef2.png,d0k0c
029dc434b7359b6f0ac2560227c9110d56b939d1.png,a9hlw
03f09d35c72e540e7ec63add2440725a289b8e8c.png,9t05c
07430a1d37ecf23af57c8e60b42efd11cd9d25e2.png,1dkku
0850c73b3b2bedf09edc6a9c825a030807bfb7d5.png,14r40
09926bbc7966addc0f6bff7f04f106e7d12ac1e8.png,q5cs6
0a3013471c42bc7a61903c3c8e99d260cc59ac6a.png,y80a3
0c021e349c8a6f676fde1c2dc12176aaed0ec45e.png,00yb9
0d984d5c329a5e38ddc14653a8d0b001c0a82b9e.png,in2zg
0e6858c4f4ffbf5bd93a21f77afbe095062b9ec1.png,apjvr
1228605df2bc724e126722bd0d85b2e0b1268ef5.png,gclx7
12659b981a4540f21f0aa7f6d54c05c7ad27ffda.png,laxin
13b4d4a893e896a55f54a26d4b0ee042e0869ea3.png,0cykc
1737b5d7b99ec9da6f8a006318f1d720cede8cb6.png,t9x9b
19135ee636cd004cd1b4bb0e126c96c02c6589b2.png,1hwgq
1b452be1c23c9fb294beeee72318641d5f67c22f.png,psn07
1c49a79542bd4936b94b43a0983f99c491a87be2.png,gy07f
1d7ed112506bd78f0a5ae648d9347d8e99697f59.png,3k0hc
1e5eea9bdd7769dd1b6aa8953a9f41bdfeac711c.png,qdd5v
1e71c151f48bcea6ea50c2b691fa290d9fb468bd.png,5u6iq
1e85e0e44581caeecdfe239d98bae71cef2fdda1.png,f8b09
20d1406fc69f24f9696565fb951b51346fa269cf.png,0yxea
27bf7a0f70248cc13b5593050c5d7a79d47e7ada.png,z40l1
28f5dd9a185796bb364e0df62c80a18cd7c66aa4.png,4n0bx
299e6b34c186cf4dc154a647ebc966f38fa08452.png,100a8
2a06880462cfe360698bf0b00ef3fe861ae6fac6.png,0gq41
2dc16658ec542f396ff997fc0b787ce28577d01b.png,0znse
306f5493430421b9238ca1828d12184a26df2e02.png,nqs08
337e81ec22293b49bc4092e48f48f8a18ded018c.png,qb50m
3594881132d55193e9ee7fe9a7cd87a44cffd625.png,jyj0x
36bf4ad37ac0f39a62112e575e5f842e38f226e2.png,00hev
372813bdb21bd55a0bcab1026d20da79b1505495.png,3u9ue
374b95bef5c112270b96f11f6114bf554f943985.png,yq5x0
3ac53c494f2948514f5a92d21e5e61eb266fb2fd.png,wyqh1
3b157c0af56f781c7953fe4fd864044cb91095f6.png,izk1p
449d3ae52fa8d95e905a815e87e6e5ef7a086fe9.png,ftlb0
49f93ac1c5951a4b8a6b9e2940f3115e333106ef.png,dtjoi
4aa519c9478af382dd439d23c78bc2ba23792811.png,000zk
4c7ae4ec3c0cc36a1e7a13d0379ead4e48f77691.png,yyvbu
4ce378ff26ae38364d46634da0de3d1205c2f772.png,hIisz
52d6f3b70df5dd9fb918fc6c340048f1af35dcd0.png,12x1b
54ee38e142ca8387bca2a99aee5ef714a6a91cfa.png,n8ews
575a5b7af4da489d9eecb0e843ec2c6d75e73ac4.png,idj91
64dadab77bc90cd48e4d72e00440dfe0e286dc8d.png,q2swh
655636bae70973e46590c2b5d4f4942456c172aa.png,760ek
66bdca801255e5be11777d4a49044afa07ac5a9a.png,vq6q0
67143c79a35aad207698dc838983bfe805247b83.png,6kd0v
678c8f81f1d94b9438c12385bfadf9e68935850b.png,phaw2
682c5d08957806240b6c333ba6768749d0073b87.png,mmnkf
68ad56fda0bb062413d4e4a26c3c5128858d8943.png,1mxs8
6ac8222ece1a6a9365d42510a1541cfda9927fde.png,0bi92
6b05e3e0a682079684896912bc6fac8c4271999f.png,sjd0f
70c5c570637bd8d665a86b0e896a042760219892.png,1qc94
796616fe9efa3c4ebb43525a9fc8d180e3a75d37.png,9ep0k
79725e470d3548a3fd21514c92abbffbfcd1c56d.png,5q88a
7b6b2032fb2943fc6a8a822b87a7b7a70e17fbbf.png,t057p
7d89f4c0d37dd4fd52a63b4ab5563e7e0ebcea31.png,1btt0
7d8f5b517c9a7a03d7b65225820813c209c57b64.png,895bu
7f6eb5c08692423e759fbd12f4a28c99dc5a42e0.png,7x070
8659dda08a8d47af1cc53d073797d34d796bfee2.png,g2j1l
9009f86930696c7fd00d3bd7f99dbc89594c02ef.png,59h51
91a628b8ace0d8243d61504152efe7e1418dba84.png,ffu0u
939f85b5a4887bd871a9f24550ded31f3a6bfba5.png,4gs5n
93e0bb6f5b86e04d92d8343604c674aebc8758bb.png,0pw6b
93f95257f30790d6686724689891c389bdec279c.png,i50nu
94f6934ea0ae2e6f80fd1d1f49d365a4c095827a.png,0g83e
9514a043e77027e2914cc974eb7d841295560773.png,1w63x
985c60506dc0b60695a749ec31326dfd805f8d50.png,5d1y1
98e7477bf3b873cd039024f635214026af562c06.png,x401e
9a9bf6241667977ac58517cf7b688e7f9c2e7bed.png,s0w90
9c80d1225afb4756438715d00d053a53037f6d66.png,dcj88
9d5ef7e1ad71be172fe01b98fe8f08fd5a4cb70d.png,5ye3f
9dc861fb48b987900917951c6bec95d61f31eeb5.png,ylapf
a060a990bd73316677f673df0cff48a213dc8a85.png,kminr
a0a336f6efc947add611e19b9e6dbabbef632b03.png,abp0p
a4d1839b42dfc2861d2b10c44e7138c190fdae1d.png,9d6ow
a9bce58a80cde524d48abc3e0ba772db3f261e52.png,1piji
acad1d28626d2f94110740eddf46ee1b16021c89.png,niunr
ad0c2817167276061183cdedd0d8c4cc7b3c4ac3.png,znp0m
b1b05dfa8d10117abfbca17f426eaf2711b3e822.png,0npzf
b652652ae28cff86755c7400076e7ebef1d9f94d.png,ifz6i
b7d272262f9079d5a743ec5f88b519ac1802d7dc.png,0fwf1
bad7da565bafa3c021346b4f4754a5b7eebba967.png,upn53
c302952724e9fc7b084d3872acb557afa5d411b8.png,tnz6i
c3b5dfa6f74f19ddc4ecdd1fb5e6dbcf75011271.png,nl0ag
c47ca518c00c8c3b68a7c8255cadc2a4e6be8066.png,cu2xk
c6d864f24ca34def181f3d799f58e0de12fa5bed.png,0nqvd
c7c6d90492fe0f83898e1d7c67e9602b8d3394cf.png,0kiqf
c90ac9a1ab9aa1097d299c1f68a22ca22d001528.png,yi7zn
c9f84795f0dea145794feec36a0906ff2f305a94.png,v7ctv
cc8057b5c4fd322249651d7545e442288ff331b3.png,bh1ls
cf49b640662857f7774869a858413fbacd32ded8.png,u1zdf
cf7fa2e633b5d921078bb2b52f3c547138f32cb8.png,pwiou
d07fe1d786e79f7dc21d4bd84e204626dfdd75ee.png,nyxrj
d3f58ee15e3091ff4a8ff9f77babc8191734a2e9.png,0j0xw
d40c7ab24edc3acb7e9e2bc1042a19029f124285.png,r24a0
d6138a156cf301a292eca0fe1c0022f459c3f799.png,j0i8t
d83add283bbb3e0da409d483fd04639de6a3006e.png,15nfj
d89a9bd04f66512c1c11defd6cfeefc9a6e9c09e.png,2ejt0
d8b2d99408348bd73272baa92cc4767bd8557f5f.png,aw4b0
dc28ab06140685ad8513dce11482a3f239baab79.png,0fpe1
dede1a115e3aafbe5c792907d057489360e44c94.png,svlp0
df44788f55d29ab102a848b309a906123b405494.png,8d406
e4cf75128be0ed481077e699534043e5a9538fc0.png,4r22v
e82bd955185d569a20d3654b6ec5b4bfcf34e2c9.png,f2h0g
e8c02786a187b6fed57f1552faf88ec9e787b248.png,8s0yg
e8f5637c3988316985f3890b0ce404ec9d99bcca.png,5y7sh
e931a3b30c2d7c36849929f229350e5e72b249c4.png,q1f20
ef5621848f95c5b5d71ac0ea5d30e05953835c7f.png,xh117
f15f7c1c1786d40ac37e37346dbff80814bf019f.png,sjsIh
f1bfa1a611f94e6fdab9aa07a639b4284325a39b.png,6eqv0
f6ba1a27970731a331dc538465a06ba0858ff000.png,l8z5z
fa43f7ce663aada1578ec8933885f1f10df27918.png,0mdrm
fbd93559d1bdd444cea0c97c73a266c022dbbd3f.png,e09x5
fe366bc942e5ee11a5c20d423eaad818aa93e2d0.png,zjiid
